"BEGINTIMENAME","CLASSNAME","COLLISIONLEVEL","COLLISIONSIZE","COURSENAME","DISCIPLINENAME","ENDTIMENAME","ID","IDBEGINSLOT","IDCLASS","IDCOLLISIONTYPE","IDCOURSE","IDDAY","IDDISCIPLINE","IDENDSLOT","IDINSTITUTION","IDROOM","IDSOLUTION","IDTEACHER","IDTERM","IDUNIT","IDUNITCOURSE","IDYEAR","ISTOTALCONFLICT","ROOMNAME","SEQUENCE","SOLUTIONINITIALS","SOLUTIONNAME","STUDENTSNUMBER","TEACHERNAME","TYPECONFLICT","UNITNAME"
"19:00:00","JD02","0","0","Jogos Digitais","Cálculo Vetorial","20:00:00","15","39","2","0","1","4","2003","41","1","102","1","401","1","1","1","2023","true","Sala 102","2","Sol Ex 01","Solução Exemplo 01","0","René","Professor","INF"
"19:00:00","JD01","0","0","Jogos Digitais","Geometria Analítica ","20:00:00","5","39","1","0","1","4","1003","41","1","101","1","401","1","1","1","2023","true","Sala 101","1","Sol Ex 01","Solução Exemplo 01","0","René","Professor","INF"
"19:00:00","JD04","0","0","Jogos Digitais","Interface de Jogos","20:00:00","37","39","4","0","1","3","4002","41","1","203","1","417","1","1","1","2023","true","Sala 203","4","Sol Ex 01","Solução Exemplo 01","0","John","Professor","INF"
"19:00:00","JD03","0","0","Jogos Digitais","3D Engines","20:00:00","25","39","3","0","1","3","3001","41","1","202","1","417","1","1","1","2023","true","Sala 202","3","Sol Ex 01","Solução Exemplo 01","0","John","Professor","INF"
"19:00:00","JD04","0","0","Jogos Digitais","Projeto Integrador – II","20:00:00","43","39","4","0","1","6","4005","41","1","105","1","418","1","1","1","2023","true","Sala 105","4","Sol Ex 01","Solução Exemplo 01","0","Junichi","Sala","INF"
"19:00:00","JD03","0","0","Jogos Digitais","Criação de Personagens 3D","20:00:00","31","39","3","0","1","6","3004","41","1","105","1","418","1","1","1","2023","true","Sala 105","3","Sol Ex 01","Solução Exemplo 01","0","Junichi","Sala","INF"
"20:30:00","JD04","0","0","Jogos Digitais","Projeto Integrador – II","21:30:00","44","42","4","0","1","6","4005","44","1","105","1","418","1","1","1","2023","true","Sala 105","4","Sol Ex 01","Solução Exemplo 01","0","Junichi","Sala","INF"
"20:30:00","JD03","0","0","Jogos Digitais","Criação de Personagens 3D","21:30:00","32","42","3","0","1","6","3004","44","1","202","1","418","1","1","1","2023","true","Sala 202","3","Sol Ex 01","Solução Exemplo 01","0","Junichi","Professor","INF"
"08:00:00","JD04","0","0","Jogos Digitais","Projeto Integrador – II","09:00:00","45","17","4","0","1","7","4005","19","1","105","1","418","1","1","1","2023","true","Sala 105","4","Sol Ex 01","Solução Exemplo 01","0","Junichi","Professor","INF"
"08:00:00","JD03","0","0","Jogos Digitais","Projeto Integrador – I","09:00:00","33","17","3","0","1","7","3005","19","1","101","1","418","1","1","1","2023","true","Sala 101","3","Sol Ex 01","Solução Exemplo 01","0","Junichi","Professor","INF"
"10:00:00","JD04","0","0","Jogos Digitais","Projeto Integrador – II","11:00:00","46","21","4","0","1","7","4005","23","1","105","1","418","1","1","1","2023","true","Sala 105","4","Sol Ex 01","Solução Exemplo 01","0","Junichi","Professor, Sala","INF"
"10:00:00","JD03","0","0","Jogos Digitais","Projeto Integrador – I","11:00:00","34","21","3","0","1","7","3005","23","1","105","1","418","1","1","1","2023","true","Sala 105","3","Sol Ex 01","Solução Exemplo 01","0","Junichi","Professor, Sala","INF"
"20:30:00","JD05","0","0","Jogos Digitais","Sonorização de Jogos","21:30:00","52","42","5","0","1","4","5004","44","1","203","1","413","1","1","1","2023","true","Sala 203","5","Sol Ex 01","Solução Exemplo 01","0","Florência","Sala","INF"
"20:30:00","JD04","0","0","Jogos Digitais","BD para Jogos","21:30:00","40","42","4","0","1","4","4004","44","1","203","1","410","1","1","1","2023","true","Sala 203","4","Sol Ex 01","Solução Exemplo 01","0","Valdemar","Sala","INF"
"19:00:00","JD05","0","0","Jogos Digitais","Edição Digital de Vídeos","20:00:00","53","39","5","0","1","5","5003","41","1","203","1","420","1","1","1","2023","true","Sala 203","5","Sol Ex 01","Solução Exemplo 01","0","Chris","Sala","INF"
"19:00:00","JD04","0","0","Jogos Digitais","BD para Jogos","20:00:00","41","39","4","0","1","5","4004","41","1","203","1","410","1","1","1","2023","true","Sala 203","4","Sol Ex 01","Solução Exemplo 01","0","Valdemar","Sala","INF"
"20:30:00","JD05","0","0","Jogos Digitais","Sonorização de Jogos","21:30:00","54","42","5","0","1","5","5004","44","1","203","1","413","1","1","1","2023","true","Sala 203","5","Sol Ex 01","Solução Exemplo 01","0","Florência","Sala","INF"
"20:30:00","JD04","0","0","Jogos Digitais","BD para Jogos","21:30:00","42","42","4","0","1","5","4004","44","1","203","1","410","1","1","1","2023","true","Sala 203","4","Sol Ex 01","Solução Exemplo 01","0","Valdemar","Sala","INF"
"19:00:00","JD05","0","0","Jogos Digitais","Projeto Integrador – III","20:00:00","55","39","5","0","1","6","5005","41","1","105","1","420","1","1","1","2023","true","Sala 105","5","Sol Ex 01","Solução Exemplo 01","0","Paul","Sala","INF"
"19:00:00","JD03","0","0","Jogos Digitais","Criação de Personagens 3D","20:00:00","31","39","3","0","1","6","3004","41","1","105","1","418","1","1","1","2023","true","Sala 105","3","Sol Ex 01","Solução Exemplo 01","0","Junichi","Sala","INF"
"19:00:00","JD05","0","0","Jogos Digitais","Projeto Integrador – III","20:00:00","55","39","5","0","1","6","5005","41","1","105","1","420","1","1","1","2023","true","Sala 105","5","Sol Ex 01","Solução Exemplo 01","0","Paul","Sala","INF"
"19:00:00","JD04","0","0","Jogos Digitais","Projeto Integrador – II","20:00:00","43","39","4","0","1","6","4005","41","1","105","1","418","1","1","1","2023","true","Sala 105","4","Sol Ex 01","Solução Exemplo 01","0","Junichi","Sala","INF"
"20:30:00","JD05","0","0","Jogos Digitais","Projeto Integrador – III","21:30:00","56","42","5","0","1","6","5005","44","1","105","1","420","1","1","1","2023","true","Sala 105","5","Sol Ex 01","Solução Exemplo 01","0","Paul","Sala","INF"
"20:30:00","JD04","0","0","Jogos Digitais","Projeto Integrador – II","21:30:00","44","42","4","0","1","6","4005","44","1","105","1","418","1","1","1","2023","true","Sala 105","4","Sol Ex 01","Solução Exemplo 01","0","Junichi","Sala","INF"
